﻿<?xml version="1.0" encoding="utf-8"?>
<Skin>
  <Item Name="CheckBox">
    <Part id="0" Name="Checked" TransparentMode="Alpha">
      <Graphic Name="..\Common\MainForm.png" />
      <State Left="954" Top="468" Width="16" Height="16" />
      <State Left="971" Top="468" Width="16" Height="16" />
      <State Left="988" Top="468" Width="16" Height="16" />
      <State Left="1005" Top="468" Width="16" Height="16" />
    </Part>
    <Part id="1" Name="UnChecked" TransparentMode="Alpha">
      <Graphic Name="..\Common\MainForm.png" />
      <State Left="954" Top="447" Width="16" Height="16" />
      <State Left="971" Top="447" Width="16" Height="16" />
      <State Left="988" Top="447" Width="16" Height="16" />
      <State Left="1005" Top="447" Width="16" Height="16" />
    </Part>
  </Item>
  <Item Name="RadioButton">
    <Part id="0" Name="Checked" TransparentMode="Alpha">
      <Graphic Name="..\Common\MainForm.png" />
      <State Left="874" Top="468" Width="16" Height="16" />
      <State Left="891" Top="468" Width="16" Height="16" />
      <State Left="908" Top="468" Width="16" Height="16" />
      <State Left="925" Top="468" Width="16" Height="16" />
    </Part>
    <Part id="1" Name="UnChecked" TransparentMode="Alpha">
      <Graphic Name="..\Common\MainForm.png" />
      <State Left="874" Top="447" Width="16" Height="16" />
      <State Left="891" Top="447" Width="16" Height="16" />
      <State Left="908" Top="447" Width="16" Height="16" />
      <State Left="925" Top="447" Width="16" Height="16" />
    </Part>
  </Item>
  <Item Name="ComboBox">
    <Part id="0" Name="Frame" TransparentMode="Alpha">
      <Graphic Name="..\Common\MainForm.png" />
      <State Left="874" Top="407" Width="85" Height="25">
        <Margins Left="13" Top="5" Right="9" Bottom="7" />
      </State>
      <State Left="874" Top="407" Width="85" Height="25">
        <Margins Left="13" Top="5" Right="9" Bottom="7" />
      </State>
      <State Left="874" Top="407" Width="85" Height="25">
        <Margins Left="13" Top="5" Right="9" Bottom="7" />
      </State>
      <State Left="874" Top="407" Width="85" Height="25">
        <Margins Left="13" Top="5" Right="9" Bottom="7" />
      </State>
    </Part>
    <Part id="1" Name="Button" TransparentMode="Alpha">
      <Graphic Name="..\Common\MainForm.png" />
      <State Left="962" Top="410" Width="21" Height="19" />
      <State Left="988" Top="410" Width="21" Height="19" />
      <State Left="1014" Top="410" Width="21" Height="19" />
    </Part>
    <Part id="2" Name="ButtonGlyph">
      <State Left="0" Top="0" Width="0" Height="0" />
      <State Left="0" Top="0" Width="0" Height="0" />
      <State Left="0" Top="0" Width="0" Height="0" />
      <State Left="0" Top="0" Width="0" Height="0" />
    </Part>
  </Item>
  <Item Name="Panel">
    <Part id="0" Name="Frame" TransparentMode="Alpha">
      <Graphic Name="..\Common\MainForm.png" />
      <State Left="1138" Top="4" Width="-3" Height="-6" />
    </Part>
  </Item>
  <Item Name="ButtonEdit">
    <Part id="0" Name="Frame" TransparentMode="Alpha">
      <Graphic Name="..\Common\MainForm.png" />
      <State Left="874" Top="323" Width="89" Height="25">
        <Margins Left="37" Top="8" Right="37" Bottom="8" />
      </State>
      <State Left="874" Top="323" Width="89" Height="25">
        <Margins Left="37" Top="8" Right="37" Bottom="8" />
      </State>
      <State Left="874" Top="323" Width="89" Height="25">
        <Margins Left="37" Top="8" Right="37" Bottom="8" />
      </State>
      <State Left="874" Top="323" Width="89" Height="25">
        <Margins Left="37" Top="8" Right="37" Bottom="8" />
      </State>
    </Part>
    <Part id="1" Name="Button" TransparentMode="Alpha">
      <Graphic Name="..\Common\MainForm.png" />
      <State Left="964" Top="324" Width="24" Height="23" />
      <State Left="990" Top="324" Width="24" Height="23" />
      <State Left="1016" Top="324" Width="24" Height="23" />
      <State Left="0" Top="0" Width="0" Height="0" />
    </Part>
    <Part id="2" Name="ButtonGlyph">
      <State Left="0" Top="0" Width="0" Height="0" />
      <State Left="0" Top="0" Width="0" Height="0" />
      <State Left="0" Top="0" Width="0" Height="0" />
      <State Left="0" Top="0" Width="0" Height="0" />
    </Part>
  </Item>
  <Item Name="ScrollBar">
    <Part id="0" Name="HorzBar_Left">
      <State Left="0" Top="0" Width="16" Height="16" />
      <State Left="16" Top="16" Width="16" Height="16" />
      <State Left="32" Top="32" Width="16" Height="16" />
      <State Left="48" Top="48" Width="16" Height="16" />
    </Part>
    <Part id="1" Name="HorzBar_Button">
      <State Left="0" Top="0" Width="16" Height="16" />
      <State Left="16" Top="16" Width="16" Height="16" />
      <State Left="32" Top="32" Width="16" Height="16" />
      <State Left="48" Top="48" Width="16" Height="16" />
    </Part>
    <Part id="2" Name="HorzBar_Right">
      <State Left="0" Top="0" Width="16" Height="16" />
      <State Left="16" Top="16" Width="16" Height="16" />
      <State Left="32" Top="32" Width="16" Height="16" />
      <State Left="48" Top="48" Width="16" Height="16" />
    </Part>
    <Part id="3" Name="HorzBar_Back">
      <State Left="0" Top="0" Width="16" Height="16" />
      <State Left="16" Top="16" Width="16" Height="16" />
      <State Left="32" Top="32" Width="16" Height="16" />
      <State Left="48" Top="48" Width="16" Height="16" />
    </Part>
    <Part id="4" Name="HorzBar_LeftArrow">
      <State Left="0" Top="0" Width="0" Height="0" />
      <State Left="0" Top="0" Width="0" Height="0" />
      <State Left="0" Top="0" Width="0" Height="0" />
      <State Left="0" Top="0" Width="0" Height="0" />
    </Part>
    <Part id="5" Name="HorzBar_RightArrow">
      <State Left="0" Top="0" Width="0" Height="0" />
      <State Left="0" Top="0" Width="0" Height="0" />
      <State Left="0" Top="0" Width="0" Height="0" />
      <State Left="0" Top="0" Width="0" Height="0" />
    </Part>
    <Part id="6" Name="HorzBar_ButtonCenter">
      <State Left="0" Top="0" Width="0" Height="0" />
      <State Left="0" Top="0" Width="0" Height="0" />
      <State Left="0" Top="0" Width="0" Height="0" />
      <State Left="0" Top="0" Width="0" Height="0" />
    </Part>
    <Part id="7" Name="VertBar_Top" TransparentMode="Alpha">
      <Graphic Name="..\Common\MainForm.png" />
      <State Left="872" Top="110" Width="15" Height="13" />
      <State Left="888" Top="110" Width="15" Height="13" />
      <State Left="904" Top="110" Width="15" Height="13" />
      <State Left="920" Top="110" Width="15" Height="13" />
    </Part>
    <Part id="8" Name="VertBar_Button" TransparentMode="Alpha">
      <Graphic Name="..\Common\MainForm.png" />
      <State Left="872" Top="146" Width="15" Height="23">
        <Margins Top="3" Bottom="4" />
      </State>
      <State Left="888" Top="146" Width="15" Height="23">
        <Margins Top="4" Bottom="6" />
      </State>
      <State Left="904" Top="146" Width="15" Height="23">
        <Margins Top="5" Bottom="5" />
      </State>
      <State Left="872" Top="146" Width="15" Height="23">
        <Margins Top="2" Bottom="5" />
      </State>
    </Part>
    <Part id="9" Name="VertBar_Bottom" TransparentMode="Alpha">
      <Graphic Name="..\Common\MainForm.png" />
      <State Left="872" Top="127" Width="15" Height="13" />
      <State Left="888" Top="127" Width="15" Height="13" />
      <State Left="904" Top="127" Width="15" Height="13" />
      <State Left="920" Top="127" Width="15" Height="13" />
    </Part>
    <Part id="10" Name="VertBar_Back" TransparentMode="Alpha">
      <Graphic Name="..\Common\MainForm.png" />
      <State Left="952" Top="146" Width="15" Height="23">
        <Margins Left="4" />
      </State>
      <State Left="952" Top="146" Width="15" Height="23">
        <Margins Left="4" />
      </State>
      <State Left="952" Top="146" Width="15" Height="23">
        <Margins Left="4" />
      </State>
      <State Left="952" Top="146" Width="15" Height="23">
        <Margins Left="4" />
      </State>
    </Part>
    <Part id="11" Name="VertBar_TopArrow" TransparentMode="Alpha">
      <Graphic Name="..\Common\MainForm.png" />
      <State Left="936" Top="110" Width="15" Height="13" />
      <State Left="952" Top="110" Width="15" Height="13" />
      <State Left="952" Top="110" Width="15" Height="13" />
      <State Left="936" Top="110" Width="15" Height="13" />
    </Part>
    <Part id="12" Name="VertBar_BottomArrow" TransparentMode="Alpha">
      <Graphic Name="..\Common\MainForm.png" />
      <State Left="936" Top="127" Width="15" Height="13" />
      <State Left="952" Top="127" Width="15" Height="13" />
      <State Left="952" Top="127" Width="15" Height="13" />
      <State Left="936" Top="127" Width="15" Height="13" />
    </Part>
    <Part id="13" Name="VertBar_ButtonCenter" TransparentMode="Alpha">
      <Graphic Name="..\Common\MainForm.png" />
      <State Left="920" Top="146" Width="15" Height="23" />
      <State Left="936" Top="146" Width="15" Height="23" />
      <State Left="936" Top="146" Width="15" Height="23" />
      <State Left="920" Top="146" Width="15" Height="23" />
    </Part>
  </Item>
  <Item Name="ButtonEdit1">
    <Part id="0" Name="Frame" TransparentMode="Alpha">
      <Graphic Name="..\Common\MainForm.png" />
      <State Left="871" Top="404" Width="91" Height="31">
        <Margins Left="35" Top="8" Right="37" Bottom="9" />
      </State>
      <State Left="872" Top="405" Width="89" Height="29">
        <Margins Left="35" Top="8" Right="37" Bottom="9" />
      </State>
      <State Left="872" Top="405" Width="89" Height="29">
        <Margins Left="35" Top="8" Right="37" Bottom="9" />
      </State>
      <State Left="872" Top="405" Width="89" Height="29">
        <Margins Left="35" Top="8" Right="37" Bottom="9" />
      </State>
    </Part>
    <Part id="1" Name="Button" TransparentMode="Alpha">
      <Graphic Name="..\Common\MainForm.png" />
      <State Left="961" Top="410" Width="23" Height="19" />
      <State Left="987" Top="410" Width="23" Height="19" />
      <State Left="1013" Top="410" Width="23" Height="19" />
      <State Left="0" Top="0" Width="0" Height="0" />
    </Part>
    <Part id="2" Name="ButtonGlyph">
      <State Left="0" Top="0" Width="0" Height="0" />
      <State Left="0" Top="0" Width="0" Height="0" />
      <State Left="0" Top="0" Width="0" Height="0" />
      <State Left="0" Top="0" Width="0" Height="0" />
    </Part>
  </Item>
  <Item Name="ProgressBar">
    <Part id="0" Name="Frame" TransparentMode="Alpha">
      <Graphic Name="..\Common\MainForm.png" />
      <State Left="872" Top="564" Width="34" Height="14">
        <Margins Left="11" Top="4" Right="12" Bottom="4" />
      </State>
      <State Left="907" Top="564" Width="34" Height="14">
        <Margins Left="11" Top="4" Right="12" Bottom="4" />
      </State>
    </Part>
  </Item>
  <Item Name="Edit">
    <Part id="0" Name="Frame" TransparentMode="Alpha">
      <Graphic Name="..\Common\MainForm.png" />
      <State Left="1046" Top="407" Width="34" Height="25">
        <Margins Left="8" Top="5" Right="6" Bottom="5" />
      </State>
      <State Left="1046" Top="407" Width="34" Height="25">
        <Margins Left="8" Top="5" Right="6" Bottom="5" />
      </State>
      <State Left="1046" Top="407" Width="34" Height="25">
        <Margins Left="8" Top="5" Right="6" Bottom="5" />
      </State>
      <State Left="1081" Top="407" Width="34" Height="25">
        <Margins Left="8" Top="5" Right="6" Bottom="5" />
      </State>
    </Part>
  </Item>
  <Item Name="ButtonRound">
    <Part id="0" Name="Frame" FillMode="stretch" TransparentMode="Alpha">
      <Graphic Name="..\Common\SkinForm.png" />
      <State Left="670" Top="332" Width="41" Height="27">
        <Margins Left="17" Top="12" Right="18" Bottom="13" />
      </State>
      <State Left="712" Top="332" Width="41" Height="27">
        <Margins Left="17" Top="12" Right="18" Bottom="13" />
      </State>
      <State Left="754" Top="332" Width="41" Height="27">
        <Margins Left="17" Top="12" Right="18" Bottom="13" />
      </State>
      <State Left="796" Top="332" Width="41" Height="27">
        <Margins Left="17" Top="12" Right="18" Bottom="13" />
      </State>
    </Part>
  </Item>
  <Item Name="Button">
    <Part id="0" Name="Frame" FillMode="stretch" TransparentMode="Alpha">
      <Graphic Name="..\Common\SkinForm.png" />
      <State Left="668" Top="372" Width="26" Height="21">
        <Margins Left="6" Top="5" Right="5" Bottom="6" />
      </State>
      <State Left="695" Top="372" Width="26" Height="21">
        <Margins Left="6" Top="5" Right="5" Bottom="6" />
      </State>
      <State Left="722" Top="372" Width="26" Height="21">
        <Margins Left="6" Top="5" Right="5" Bottom="6" />
      </State>
      <State Left="749" Top="372" Width="26" Height="21">
        <Margins Left="6" Top="5" Right="5" Bottom="6" />
        <Font Color="$00C7C0C0" />
      </State>
    </Part>
  </Item>
  <Item Name="SkinForm">
    <Part id="0" Name="Form" TransparentMode="Mask">
      <Graphic Name="..\Common\SkinForm.png" />
      <Shape type="Auto" />
      <Margins Scale="False" Left="9" Top="33" Right="9" Bottom="5" />
      <State Left="0" Top="794" Width="497" Height="214">
        <Margins Left="22" Top="45" Right="25" Bottom="70" />
      </State>
      <State Left="0" Top="794" Width="497" Height="214">
        <Margins Left="22" Top="45" Right="25" Bottom="70" />
      </State>
    </Part>
    <Part id="1" Name="Caption">
      <Position RelPos="5" Scale="False" X="34" Y="10" X2="26" Height="16" />
      <State Left="0" Top="0" Width="0" Height="0">
        <Font Size="9" Color="$0092650D" Style="bold" />
      </State>
      <State Left="0" Top="0" Width="0" Height="0">
        <Font Size="9" Color="$0092650D" Style="bold" />
      </State>
    </Part>
    <Part id="2" Name="Icon">
      <Position RelPos="0" Scale="False" X="8" Y="10" Width="16" Height="16" />
    </Part>
    <Part id="3" Name="RestoreButton" TransparentMode="Alpha">
      <Position RelPos="1" Scale="False" X="52" Y="7" Width="34" Height="18" />
      <State Left="0" Top="0" Width="0" Height="0" />
      <State Left="0" Top="0" Width="0" Height="0" />
      <State Left="0" Top="0" Width="0" Height="0" />
      <State Left="0" Top="0" Width="0" Height="0" />
    </Part>
    <Part id="4" Name="MinButton">
      <Position RelPos="1" Scale="False" X="86" Y="7" Width="34" Height="18" />
      <State Left="0" Top="0" Width="0" Height="0" />
      <State Left="0" Top="0" Width="0" Height="0" />
      <State Left="0" Top="0" Width="0" Height="0" />
      <State Left="0" Top="0" Width="0" Height="0" />
    </Part>
    <Part id="5" Name="MaxButton" Visible="False">
      <Position RelPos="1" Scale="False" X="52" Y="7" Width="34" Height="18" />
      <State Left="0" Top="0" Width="0" Height="0" />
      <State Left="0" Top="0" Width="0" Height="0" />
      <State Left="0" Top="0" Width="0" Height="0" />
      <State Left="0" Top="0" Width="0" Height="0" />
    </Part>
    <Part id="6" Name="CloseButton" TransparentMode="Alpha">
      <Graphic Name="..\Common\SkinForm.png" />
      <Position RelPos="1" Scale="False" Y="1" Width="34" Height="22" />
      <State Left="672" Top="143" Width="34" Height="22" />
      <State Left="706" Top="143" Width="34" Height="22" />
      <State Left="740" Top="143" Width="34" Height="22" />
      <State Left="774" Top="143" Width="34" Height="22" />
    </Part>
  </Item>
  <Item Name="GroupBox">
    <Part id="0" Name="Frame" TransparentMode="Alpha">
      <Graphic Name="..\Common\SkinForm.png" />
      <State Left="665" Top="518" Width="246" Height="133">
        <Margins Left="173" Top="2" Right="13" Bottom="2" />
      </State>
    </Part>
  </Item>
  <Item Name="ImgOCRDownLoader">
    <Part id="0" Name="Frame" FillMode="stretch" TransparentMode="Alpha">
      <Graphic Name="..\Common\SkinForm.png" />
      <State Left="800" Top="434" Width="66" Height="66" />
    </Part>
  </Item>
  <Item Name="ImgInfo">
    <Part id="0" Name="Frame" FillMode="stretch" TransparentMode="Alpha">
      <Graphic Name="..\Common\SkinForm.png" />
      <State Left="733" Top="434" Width="66" Height="66" />
    </Part>
  </Item>
  <Item Name="ImgWarning">
    <Part id="0" Name="Frame" FillMode="stretch" TransparentMode="Alpha">
      <Graphic Name="..\Common\SkinForm.png" />
      <State Left="666" Top="434" Width="66" Height="66" />
    </Part>
  </Item>
  <Item Name="ImgError">
    <Part id="0" Name="Frame" FillMode="stretch" TransparentMode="Alpha">
      <Graphic Name="..\Common\error.png" />
      <State Left="0" Top="0" Width="48" Height="48" />
    </Part>
  </Item>
  <Item Name="CheckBox1">
    <Part id="0" Name="Checked" TransparentMode="Alpha">
      <Graphic Name="..\Common\MainForm.png" />
      <State Left="956" Top="470" Width="13" Height="13" />
      <State Left="973" Top="470" Width="13" Height="13" />
      <State Left="990" Top="470" Width="13" Height="13" />
      <State Left="1007" Top="470" Width="13" Height="13" />
    </Part>
    <Part id="1" Name="UnChecked" TransparentMode="Alpha">
      <Graphic Name="..\Common\MainForm.png" />
      <State Left="956" Top="449" Width="13" Height="13" />
      <State Left="973" Top="449" Width="13" Height="13" />
      <State Left="990" Top="449" Width="13" Height="13" />
      <State Left="1007" Top="449" Width="13" Height="13" />
    </Part>
  </Item>
  <Item Name="AddForm">
    <Part id="0" Name="Form" TransparentMode="Mask">
      <Graphic Name="..\Common\AddFile.png" />
      <Shape type="Auto" />
      <Margins Scale="False" Left="5" Top="28" Right="5" Bottom="5" />
      <State Left="0" Top="0" Width="243" Height="82">
        <Margins Left="28" Top="31" Right="32" Bottom="21" />
      </State>
      <State Left="0" Top="0" Width="243" Height="82">
        <Margins Left="28" Top="28" Right="32" Bottom="22" />
      </State>
    </Part>
    <Part id="1" Name="Caption">
      <Position RelPos="5" Scale="False" X="34" Y="10" X2="26" Height="16" />
      <State Left="0" Top="0" Width="0" Height="0">
        <Font Size="9" Color="$00646464" Style="bold" />
      </State>
      <State Left="0" Top="0" Width="0" Height="0">
        <Font Size="9" Color="clBlack" Style="bold" />
      </State>
    </Part>
    <Part id="2" Name="Icon">
      <Position RelPos="0" Scale="False" X="8" Y="10" Width="16" Height="16" />
    </Part>
    <Part id="3" Name="RestoreButton" TransparentMode="Alpha">
      <Position RelPos="1" Scale="False" X="52" Y="7" Width="34" Height="18" />
      <State Left="0" Top="0" Width="0" Height="0" />
      <State Left="0" Top="0" Width="0" Height="0" />
      <State Left="0" Top="0" Width="0" Height="0" />
      <State Left="0" Top="0" Width="0" Height="0" />
    </Part>
    <Part id="4" Name="MinButton">
      <Position RelPos="1" Scale="False" X="86" Y="7" Width="34" Height="18" />
      <State Left="0" Top="0" Width="0" Height="0" />
      <State Left="0" Top="0" Width="0" Height="0" />
      <State Left="0" Top="0" Width="0" Height="0" />
      <State Left="0" Top="0" Width="0" Height="0" />
    </Part>
    <Part id="5" Name="MaxButton" Visible="False">
      <Position RelPos="1" Scale="False" X="52" Y="7" Width="34" Height="18" />
      <State Left="0" Top="0" Width="0" Height="0" />
      <State Left="0" Top="0" Width="0" Height="0" />
      <State Left="0" Top="0" Width="0" Height="0" />
      <State Left="0" Top="0" Width="0" Height="0" />
    </Part>
    <Part id="6" Name="CloseButton">
      <Position RelPos="1" Scale="False" X="18" Y="7" Width="34" Height="18" />
      <State Left="0" Top="0" Width="0" Height="0" />
      <State Left="0" Top="0" Width="0" Height="0" />
      <State Left="0" Top="0" Width="0" Height="0" />
      <State Left="0" Top="0" Width="0" Height="0" />
    </Part>
    <Part id="7" Name="btnClose" TransparentMode="Alpha">
      <Graphic Name="..\Common\2.png" />
      <State Left="0" Top="0" Width="11" Height="11" />
    </Part>
    <Part id="8" Name="btnClose1" TransparentMode="Alpha">
      <Graphic Name="..\Common\1.png" />
      <State Left="0" Top="0" Width="11" Height="11" />
    </Part>
  </Item>
  <Item Name="Panel1">
    <Part id="0" Name="Frame" TransparentMode="Alpha">
      <Graphic Name="..\Common\MainForm.png" />
      <State Left="874" Top="323" Width="89" Height="25">
        <Margins Left="6" Top="7" Right="8" Bottom="9" />
      </State>
    </Part>
  </Item>
  <Item Name="ImgAboutCompany">
    <Part id="0" Name="Frame" FillMode="stretch" TransparentMode="Alpha">
      <Graphic Name="about_Logo.png" />
      <State Left="0" Top="0" Width="133" Height="11" />
    </Part>
  </Item>
  <Item Name="AboutForm">
    <Part id="0" Name="Form" TransparentMode="Mask">
      <Graphic Name="..\Common\SkinForm.png" />
      <Shape type="Auto" />
      <Margins Scale="False" Left="9" Top="33" Right="9" Bottom="5" />
      <State Left="0" Top="1188" Width="616" Height="387">
        <Margins Left="22" Top="45" Right="25" Bottom="70" />
      </State>
      <State Left="0" Top="1188" Width="616" Height="387">
        <Margins Left="22" Top="45" Right="25" Bottom="70" />
      </State>
    </Part>
    <Part id="1" Name="Caption">
      <Position RelPos="5" Scale="False" X="34" Y="10" X2="26" Height="16" />
      <State Left="0" Top="0" Width="0" Height="0">
        <Font Size="9" Color="$0092650D" Style="bold" />
      </State>
      <State Left="0" Top="0" Width="0" Height="0">
        <Font Size="9" Color="$0092650D" Style="bold" />
      </State>
    </Part>
    <Part id="2" Name="Icon">
      <Position RelPos="0" Scale="False" X="8" Y="10" Width="16" Height="16" />
    </Part>
    <Part id="3" Name="RestoreButton" TransparentMode="Alpha">
      <Position RelPos="1" Scale="False" X="52" Y="7" Width="34" Height="18" />
      <State Left="0" Top="0" Width="0" Height="0" />
      <State Left="0" Top="0" Width="0" Height="0" />
      <State Left="0" Top="0" Width="0" Height="0" />
      <State Left="0" Top="0" Width="0" Height="0" />
    </Part>
    <Part id="4" Name="MinButton">
      <Position RelPos="1" Scale="False" X="86" Y="7" Width="34" Height="18" />
      <State Left="0" Top="0" Width="0" Height="0" />
      <State Left="0" Top="0" Width="0" Height="0" />
      <State Left="0" Top="0" Width="0" Height="0" />
      <State Left="0" Top="0" Width="0" Height="0" />
    </Part>
    <Part id="5" Name="MaxButton" Visible="False">
      <Position RelPos="1" Scale="False" X="52" Y="7" Width="34" Height="18" />
      <State Left="0" Top="0" Width="0" Height="0" />
      <State Left="0" Top="0" Width="0" Height="0" />
      <State Left="0" Top="0" Width="0" Height="0" />
      <State Left="0" Top="0" Width="0" Height="0" />
    </Part>
    <Part id="6" Name="CloseButton" TransparentMode="Alpha">
      <Graphic Name="..\Common\SkinForm.png" />
      <Position RelPos="1" Scale="False" Width="34" Height="22" />
      <State Left="672" Top="143" Width="34" Height="22" />
      <State Left="706" Top="143" Width="34" Height="22" />
      <State Left="740" Top="143" Width="34" Height="22" />
      <State Left="774" Top="143" Width="34" Height="22" />
    </Part>
  </Item>
  <Item Name="ImgProduct">
    <Part id="0" Name="Frame" FillMode="stretch" TransparentMode="Alpha">
      <Graphic Name="about_Top.png" />
      <State Left="0" Top="0" Width="453" Height="80" />
    </Part>
  </Item>
</Skin>