﻿<?xml version="1.0" encoding="utf-8"?>
<Skin>
  <Item Name="MainForm">
    <Part id="0" Name="Form" TransparentMode="Mask">
      <Graphic Name="..\Common\MainForm.png" />
      <Shape type="Auto" />
      <Margins Scale="False" Left="9" Top="33" Right="9" Bottom="5" />
      <State Left="0" Top="0" Width="859" Height="579">
        <Margins Left="16" Top="77" Right="19" Bottom="69" />
      </State>
      <State Left="0" Top="0" Width="859" Height="579">
        <Margins Left="16" Top="77" Right="19" Bottom="69" />
      </State>
    </Part>
    <Part id="1" Name="Caption">
      <Position RelPos="5" Scale="False" X="34" Y="10" X2="26" Height="16" />
      <State Left="0" Top="0" Width="0" Height="0">
        <Font Size="9" Color="$0092650D" Style="bold" />
      </State>
      <State Left="0" Top="0" Width="0" Height="0">
        <Font Size="9" Color="$0092650D" Style="bold" />
      </State>
    </Part>
    <Part id="2" Name="Icon">
      <Position RelPos="0" Scale="False" X="8" Y="10" Width="16" Height="16" />
    </Part>
    <Part id="3" Name="RestoreButton" TransparentMode="Alpha">
      <Position RelPos="1" Scale="False" X="37" Width="34" Height="18" />
      <State Left="0" Top="0" Width="0" Height="0" />
      <State Left="0" Top="0" Width="0" Height="0" />
      <State Left="0" Top="0" Width="0" Height="0" />
      <State Left="0" Top="0" Width="0" Height="0" />
    </Part>
    <Part id="4" Name="MinButton" TransparentMode="Alpha">
      <Position RelPos="1" Scale="False" X="82" Width="34" Height="18" />
      <State Left="0" Top="0" Width="0" Height="0" />
      <State Left="0" Top="0" Width="0" Height="0" />
      <State Left="0" Top="0" Width="0" Height="0" />
      <State Left="0" Top="0" Width="0" Height="0" />
    </Part>
    <Part id="5" Name="MaxButton" Visible="False">
      <Position RelPos="1" Scale="False" X="37" Width="34" Height="18" />
      <State Left="0" Top="0" Width="0" Height="0" />
      <State Left="0" Top="0" Width="0" Height="0" />
      <State Left="0" Top="0" Width="0" Height="0" />
      <State Left="0" Top="0" Width="0" Height="0" />
    </Part>
    <Part id="6" Name="CloseButton">
      <Position RelPos="1" Scale="False" X="18" Y="-18" Width="34" Height="18" />
      <State Left="0" Top="0" Width="0" Height="0" />
      <State Left="0" Top="0" Width="0" Height="0" />
      <State Left="0" Top="0" Width="0" Height="0" />
      <State Left="0" Top="0" Width="0" Height="0" />
    </Part>
  </Item>
  <Item Name="btnHelp">
    <Part id="0" Name="Frame" FillMode="stretch" TransparentMode="Alpha">
      <Graphic Name="..\Common\MainForm.png" />
      <State Left="875" Top="1" Width="34" Height="22" />
      <State Left="909" Top="1" Width="34" Height="22" />
      <State Left="943" Top="1" Width="34" Height="22" />
      <State Left="977" Top="1" Width="34" Height="22" />
    </Part>
  </Item>
  <Item Name="btnMenu">
    <Part id="0" Name="Frame" FillMode="stretch" TransparentMode="Alpha">
      <Graphic Name="..\Common\MainForm.png" />
      <State Left="875" Top="27" Width="34" Height="22" />
      <State Left="909" Top="27" Width="34" Height="22" />
      <State Left="943" Top="27" Width="34" Height="22" />
      <State Left="977" Top="27" Width="34" Height="22" />
    </Part>
  </Item>
  <Item Name="btnMin">
    <Part id="0" Name="Frame" FillMode="stretch" TransparentMode="Alpha">
      <Graphic Name="..\Common\MainForm.png" />
      <State Left="875" Top="52" Width="34" Height="22" />
      <State Left="909" Top="52" Width="34" Height="22" />
      <State Left="943" Top="52" Width="34" Height="22" />
      <State Left="977" Top="52" Width="34" Height="22" />
    </Part>
  </Item>
  <Item Name="btnClose">
    <Part id="0" Name="Frame" FillMode="stretch" TransparentMode="Alpha">
      <Graphic Name="..\Common\MainForm.png" />
      <State Left="875" Top="77" Width="34" Height="22" />
      <State Left="909" Top="77" Width="34" Height="22" />
      <State Left="943" Top="77" Width="34" Height="22" />
    </Part>
  </Item>
  <Item Name="btnAddGlyph">
    <Part id="0" Name="Frame" FillMode="stretch" TransparentMode="Alpha">
      <Graphic Name="..\Common\MainForm.png" />
      <State Left="1" Top="1044" Width="29" Height="29">
        <Font Color="$00097D37" Style="bold" />
      </State>
      <State Left="31" Top="1044" Width="29" Height="29">
        <Font Color="$00097D37" Style="bold" />
      </State>
      <State Left="61" Top="1044" Width="29" Height="29">
        <Font Color="$00097D37" Style="bold" />
      </State>
      <State Left="91" Top="1044" Width="29" Height="29">
        <Font Color="$0051B986" Style="bold" />
      </State>
    </Part>
  </Item>
  <Item Name="btnOptionGlyph">
    <Part id="0" Name="Frame" FillMode="stretch" TransparentMode="Alpha">
      <Graphic Name="..\Common\MainForm.png" />
      <State Left="874" Top="251" Width="24" Height="24" />
    </Part>
  </Item>
  <Item Name="PanelOutputSetting">
    <Part id="0" Name="Frame" TransparentMode="Alpha">
      <Graphic Name="..\Common\MainForm.png" />
      <State Left="612" Top="608" Width="246" Height="451" />
    </Part>
  </Item>
  <Item Name="BKPanel">
    <Graphic Name="..\Common\MainForm.png" />
    <Part id="0" Name="Normal" TransparentMode="Alpha">
      <State Left="0" Top="679" Width="143" Height="72">
        <Margins Left="108" Top="24" Right="6" Bottom="26" />
      </State>
    </Part>
    <Part id="1" Name="Hot" TransparentMode="Alpha">
      <State Left="144" Top="679" Width="143" Height="72">
        <Margins Left="108" Top="24" Right="6" Bottom="26" />
      </State>
    </Part>
    <Part id="2" Name="Select" TransparentMode="Alpha">
      <State Left="288" Top="679" Width="143" Height="72">
        <Margins Left="108" Top="24" Right="6" Bottom="26" />
      </State>
    </Part>
  </Item>
  <Item Name="BKPanel2">
    <Graphic Name="..\Common\MainForm.png" />
    <Part id="0" Name="Normal" TransparentMode="Alpha">
      <State Left="0" Top="761" Width="143" Height="72">
        <Margins Left="132" Top="23" Right="6" Bottom="24" />
      </State>
    </Part>
    <Part id="1" Name="Hot" TransparentMode="Alpha">
      <State Left="144" Top="761" Width="143" Height="72">
        <Margins Left="132" Top="23" Right="6" Bottom="24" />
      </State>
    </Part>
    <Part id="2" Name="Select" TransparentMode="Alpha">
      <State Left="288" Top="761" Width="143" Height="72">
        <Margins Left="132" Top="23" Right="6" Bottom="24" />
      </State>
    </Part>
  </Item>
  <Item Name="btnMoveUpGlyph">
    <Part id="0" Name="Frame" FillMode="stretch" TransparentMode="Alpha">
      <Graphic Name="..\Common\MainForm.png" />
      <State Left="1" Top="943" Width="21" Height="20" />
      <State Left="1" Top="943" Width="21" Height="20" />
      <State Left="1" Top="943" Width="21" Height="20" />
      <State Left="94" Top="943" Width="21" Height="20" />
    </Part>
  </Item>
  <Item Name="btnMoveDownGlyph">
    <Part id="0" Name="Frame" FillMode="stretch" TransparentMode="Alpha">
      <Graphic Name="..\Common\MainForm.png" />
      <State Left="23" Top="943" Width="21" Height="20" />
      <State Left="23" Top="943" Width="21" Height="20" />
      <State Left="23" Top="943" Width="21" Height="20" />
      <State Left="116" Top="943" Width="21" Height="20" />
    </Part>
  </Item>
  <Item Name="btnClearGlyph">
    <Part id="0" Name="Frame" FillMode="stretch" TransparentMode="Alpha">
      <Graphic Name="..\Common\MainForm.png" />
      <State Left="67" Top="943" Width="21" Height="20" />
      <State Left="67" Top="943" Width="21" Height="20" />
      <State Left="67" Top="943" Width="21" Height="20" />
      <State Left="160" Top="943" Width="21" Height="20" />
    </Part>
  </Item>
  <Item Name="btnDeleteGlyph">
    <Part id="0" Name="Frame" FillMode="stretch" TransparentMode="Alpha">
      <Graphic Name="..\Common\MainForm.png" />
      <State Left="45" Top="943" Width="21" Height="20" />
      <State Left="45" Top="943" Width="21" Height="20" />
      <State Left="45" Top="943" Width="21" Height="20" />
      <State Left="138" Top="943" Width="21" Height="20" />
    </Part>
  </Item>
  <Item Name="btnPDFIcon">
    <Part id="0" Name="Frame" FillMode="stretch" TransparentMode="Alpha">
      <Graphic Name="..\Common\MainForm.png" />
      <State Left="871" Top="605" Width="60" Height="63" />
      <State Left="932" Top="605" Width="60" Height="63" />
      <State Left="993" Top="605" Width="60" Height="63" />
      <State Left="871" Top="605" Width="60" Height="63" />
    </Part>
  </Item>
  <Item Name="btnCPDFIcon">
    <Part id="0" Name="Frame" FillMode="stretch" TransparentMode="Alpha">
      <Graphic Name="..\Common\MainForm.png" />
      <State Left="871" Top="605" Width="60" Height="63" />
      <State Left="871" Top="605" Width="60" Height="63" />
      <State Left="871" Top="605" Width="60" Height="63" />
      <State Left="871" Top="605" Width="60" Height="63" />
    </Part>
  </Item>
  <Item Name="btnPDFIconLocked">
    <Part id="0" Name="Frame" FillMode="stretch" TransparentMode="Alpha">
      <Graphic Name="..\Common\MainForm.png" />
      <State Left="871" Top="673" Width="60" Height="63" />
      <State Left="932" Top="673" Width="60" Height="63" />
      <State Left="993" Top="673" Width="60" Height="63" />
      <State Left="871" Top="673" Width="60" Height="63" />
    </Part>
  </Item>
  <Item Name="btnPDFIconUnlocked">
    <Part id="0" Name="Frame" FillMode="stretch" TransparentMode="Alpha">
      <Graphic Name="..\Common\MainForm.png" />
      <State Left="871" Top="746" Width="60" Height="63" />
      <State Left="932" Top="746" Width="60" Height="63" />
      <State Left="993" Top="746" Width="60" Height="63" />
      <State Left="871" Top="746" Width="60" Height="63" />
    </Part>
  </Item>
  <Item Name="btnPDFIconScan">
    <Part id="0" Name="Frame" FillMode="stretch" TransparentMode="Alpha">
      <Graphic Name="..\Common\MainForm.png" />
      <State Left="871" Top="820" Width="60" Height="63" />
      <State Left="932" Top="820" Width="60" Height="63" />
      <State Left="993" Top="820" Width="60" Height="63" />
      <State Left="871" Top="820" Width="60" Height="63" />
    </Part>
  </Item>
  <Item Name="btnPDFIconScanLocked">
    <Part id="0" Name="Frame" FillMode="stretch" TransparentMode="Alpha">
      <Graphic Name="..\Common\MainForm.png" />
      <State Left="871" Top="891" Width="60" Height="63" />
      <State Left="932" Top="891" Width="60" Height="63" />
      <State Left="993" Top="891" Width="60" Height="63" />
      <State Left="871" Top="891" Width="60" Height="63" />
    </Part>
  </Item>
  <Item Name="btnPDFIconScanUnLocked">
    <Part id="0" Name="Frame" FillMode="stretch" TransparentMode="Alpha">
      <Graphic Name="..\Common\MainForm.png" />
      <State Left="871" Top="957" Width="60" Height="63" />
      <State Left="932" Top="957" Width="60" Height="63" />
      <State Left="993" Top="957" Width="60" Height="63" />
      <State Left="871" Top="957" Width="60" Height="63" />
    </Part>
  </Item>
  <Item Name="btnFlOption">
    <Graphic Name="..\Common\MainForm.png" />
    <Part id="0" Name="Normal" TransparentMode="Alpha">
      <State Left="1068" Top="515" Width="28" Height="28" />
    </Part>
    <Part id="1" Name="Hot" TransparentMode="Alpha">
      <State Left="1097" Top="515" Width="28" Height="28" />
    </Part>
    <Part id="2" Name="Select" TransparentMode="Alpha">
      <State Left="1126" Top="515" Width="28" Height="28" />
    </Part>
  </Item>
  <Item Name="btnFlClose">
    <Part id="0" Name="Frame" FillMode="stretch" TransparentMode="Alpha">
      <Graphic Name="..\Common\MainForm.png" />
      <State Left="872" Top="522" Width="16" Height="16" />
      <State Left="889" Top="522" Width="16" Height="16" />
      <State Left="906" Top="522" Width="16" Height="16" />
      <State Left="0" Top="0" Width="0" Height="0" />
      <State Left="0" Top="0" Width="0" Height="0" />
    </Part>
  </Item>
  <Item Name="btnRegGlyph">
    <Part id="0" Name="Frame" FillMode="stretch" TransparentMode="Alpha">
      <Graphic Name="..\Common\MainForm.png" />
      <State Left="901" Top="181" Width="26" Height="26" />
    </Part>
  </Item>
  <Item Name="ImageDrag">
    <Part id="0" Name="Frame" FillMode="stretch" TransparentMode="Alpha">
      <Graphic Name="..\Common\MainForm.png" />
      <State Left="316" Top="849" Width="114" Height="106" />
    </Part>
  </Item>
  <Item Name="btnMainBlue">
    <Part id="0" Name="Frame" FillMode="stretch" TransparentMode="Alpha">
      <Graphic Name="..\Common\MainForm.png" />
      <State Left="874" Top="213" Width="90" Height="26">
        <Margins Left="35" Top="11" Right="35" Bottom="12" />
      </State>
      <State Left="965" Top="213" Width="90" Height="26">
        <Margins Left="34" Top="11" Right="36" Bottom="12" />
      </State>
      <State Left="1056" Top="213" Width="90" Height="26">
        <Margins Left="38" Top="11" Right="37" Bottom="12" />
      </State>
      <State Left="874" Top="213" Width="90" Height="26">
        <Margins Left="38" Top="12" Right="37" Bottom="12" />
      </State>
    </Part>
  </Item>
  <Item Name="ImgAppIcon">
    <Part id="0" Name="Frame" FillMode="stretch" TransparentMode="Alpha">
      <Graphic Name="..\Common\16.png" />
      <State Left="0" Top="0" Width="16" Height="16" />
    </Part>
  </Item>
  <Item Name="btnBuyNowGlyph">
    <Part id="0" Name="Frame" FillMode="stretch" TransparentMode="Alpha">
      <Graphic Name="..\Common\MainForm.png" />
      <State Left="874" Top="181" Width="26" Height="26" />
    </Part>
  </Item>
  <Item Name="btnOutputFormatGlyph">
    <Part id="0" Name="Frame" FillMode="stretch" TransparentMode="Alpha">
      <Graphic Name="..\Common\MainForm.png" />
      <State Left="872" Top="493" Width="20" Height="20">
        <Font Style="bold" />
      </State>
    </Part>
  </Item>
  <Item Name="btnOutputFormat">
    <Part id="0" Name="Frame" FillMode="stretch" TransparentMode="Alpha">
      <Graphic Name="..\Common\MainForm.png" />
      <Font Style="bold" />
      <State Left="1" Top="841" Width="21" Height="31">
        <Margins Top="13" Bottom="13" />
        <Font Style="bold" />
      </State>
    </Part>
  </Item>
  <Item Name="btnOutputFolder">
    <Part id="0" Name="Frame" FillMode="stretch" TransparentMode="Alpha">
      <Graphic Name="..\Common\MainForm.png" />
      <State Left="1" Top="875" Width="21" Height="31">
        <Margins Top="13" Bottom="13" />
        <Font Style="bold" />
      </State>
    </Part>
  </Item>
  <Item Name="btnOutputFolderGlyph">
    <Part id="0" Name="Frame" FillMode="stretch" TransparentMode="Alpha">
      <Graphic Name="..\Common\MainForm.png" />
      <State Left="893" Top="493" Width="20" Height="20">
        <Font Style="bold" />
      </State>
    </Part>
  </Item>
  <Item Name="ComboBoxFormat">
    <Part id="0" Name="Frame" TransparentMode="Alpha">
      <Graphic Name="..\Common\MainForm.png" />
      <State Left="874" Top="361" Width="89" Height="33">
        <Margins Left="9" Top="11" Right="8" Bottom="10" />
      </State>
    </Part>
    <Part id="1" Name="Button" TransparentMode="Alpha">
      <Graphic Name="..\Common\MainForm.png" />
      <State Left="964" Top="363" Width="26" Height="30" />
      <State Left="991" Top="363" Width="26" Height="30" />
      <State Left="1018" Top="363" Width="26" Height="30" />
    </Part>
    <Part id="2" Name="ButtonGlyph">
      <State Left="0" Top="0" Width="0" Height="0" />
      <State Left="0" Top="0" Width="0" Height="0" />
      <State Left="0" Top="0" Width="0" Height="0" />
      <State Left="0" Top="0" Width="0" Height="0" />
    </Part>
  </Item>
  <Item Name="btnAdvanceSet">
    <Part id="0" Name="Frame" FillMode="stretch" TransparentMode="Alpha">
      <Graphic Name="..\Common\MainForm.png" />
      <State Left="874" Top="279" Width="89" Height="26">
        <Margins Left="34" Top="11" Right="37" Bottom="12" />
      </State>
      <State Left="964" Top="279" Width="89" Height="26">
        <Margins Left="34" Top="11" Right="37" Bottom="12" />
      </State>
      <State Left="1054" Top="279" Width="89" Height="26">
        <Margins Left="34" Top="11" Right="37" Bottom="12" />
      </State>
    </Part>
  </Item>
  <Item Name="PanelLstTitle">
    <Part id="0" Name="Frame" TransparentMode="Alpha">
      <Graphic Name="..\Common\MainForm.png" />
      <State Left="1" Top="910" Width="21" Height="27">
        <Margins Top="11" Bottom="12" />
      </State>
    </Part>
  </Item>
  <Item Name="PanelLstBottom">
    <Part id="0" Name="Frame" TransparentMode="Alpha">
      <Graphic Name="..\Common\MainForm.png" />
      <State Left="36" Top="840" Width="21" Height="37">
        <Margins Left="12" Top="16" Right="6" Bottom="17" />
      </State>
    </Part>
  </Item>
  <Item Name="btnMainGreen">
    <Part id="0" Name="Frame" FillMode="stretch" TransparentMode="Alpha">
      <Graphic Name="..\Common\MainForm.png" />
      <Font Style="bold" />
      <State Left="1" Top="1010" Width="55" Height="29">
        <Margins Left="20" Top="13" Right="20" Bottom="14" />
        <Font Color="$00097D37" Style="bold" />
      </State>
      <State Left="57" Top="1010" Width="55" Height="29">
        <Margins Left="20" Top="13" Right="20" Bottom="14" />
        <Font Color="$00097D37" Style="bold" />
      </State>
      <State Left="113" Top="1010" Width="55" Height="29">
        <Margins Left="20" Top="13" Right="20" Bottom="14" />
        <Font Color="$00097D37" Style="bold" />
      </State>
      <State Left="169" Top="1010" Width="55" Height="29">
        <Margins Left="20" Top="13" Right="20" Bottom="14" />
        <Font Color="$00097D37" Style="bold" />
      </State>
    </Part>
  </Item>
  <Item Name="btnMove">
    <Part id="0" Name="Frame" FillMode="stretch" TransparentMode="Alpha">
      <Graphic Name="..\Common\MainForm.png" />
      <State Left="81" Top="969" Width="9" Height="28" />
      <State Left="1" Top="969" Width="39" Height="28">
        <Margins Left="16" Top="12" Right="17" Bottom="13" />
      </State>
      <State Left="41" Top="969" Width="39" Height="28">
        <Margins Left="16" Top="12" Right="17" Bottom="13" />
      </State>
      <State Left="82" Top="969" Width="8" Height="28">
        <Margins Left="16" Top="12" Right="17" Bottom="13" />
      </State>
    </Part>
  </Item>
  <Item Name="btnInfo">
    <Part id="0" Name="Frame" FillMode="stretch" TransparentMode="Alpha">
      <Graphic Name="..\Common\MainForm.png" />
      <State Left="943" Top="493" Width="20" Height="20" />
      <State Left="964" Top="493" Width="20" Height="20" />
    </Part>
  </Item>
  <Item Name="ImgTitleSpitLine">
    <Part id="0" Name="Frame" FillMode="stretch" TransparentMode="Alpha">
      <Graphic Name="..\Common\MainForm.png" />
      <State Left="23" Top="910" Width="10" Height="27" />
    </Part>
  </Item>
  <Item Name="btnNormalFileIcon">
    <Part id="0" Name="Frame" FillMode="stretch" TransparentMode="Alpha">
      <Graphic Name="..\Common\MainForm.png" />
      <State Left="871" Top="1028" Width="60" Height="63" />
      <State Left="871" Top="1028" Width="60" Height="63" />
      <State Left="871" Top="1028" Width="60" Height="63" />
      <State Left="871" Top="1028" Width="60" Height="63" />
    </Part>
  </Item>
  <Item Name="btnFlOpenFolder">
    <Graphic Name="..\Common\MainForm.png" />
    <Part id="0" Name="Normal" TransparentMode="Alpha">
      <State Left="872" Top="542" Width="16" Height="16" />
    </Part>
    <Part id="1" Name="Hot" TransparentMode="Alpha">
      <State Left="889" Top="542" Width="16" Height="16" />
    </Part>
    <Part id="2" Name="Select" TransparentMode="Alpha">
      <State Left="889" Top="542" Width="16" Height="16" />
    </Part>
  </Item>
  <Item Name="btnConvertPDF">
    <Part id="0" Name="Frame" FillMode="stretch" TransparentMode="Alpha">
      <Graphic Name="..\Common\MainForm.png" />
      <State Left="364" Top="1296" Width="182" Height="29">
        <Margins Left="48" Right="55" />
        <Font Color="$005F5454" />
      </State>
      <State Left="364" Top="1348" Width="182" Height="29">
        <Margins Left="48" Right="55" />
        <Font Color="$005F5454" />
      </State>
      <State Left="0" Top="1296" Width="182" Height="29">
        <Margins Left="48" Right="55" />
        <Font Color="$000B8D35" Style="bold" />
      </State>
      <State Left="364" Top="1296" Width="182" Height="29">
        <Margins Left="48" Right="55" />
        <Font Color="$00B9B0B0" />
      </State>
    </Part>
  </Item>
  <Item Name="btnCreatePDF">
    <Part id="0" Name="Frame" FillMode="stretch" TransparentMode="Alpha">
      <Graphic Name="..\Common\MainForm.png" />
      <State Left="182" Top="1296" Width="182" Height="29">
        <Margins Left="64" Right="63" />
        <Font Color="$005F5454" />
      </State>
      <State Left="182" Top="1348" Width="182" Height="29">
        <Margins Left="64" Right="63" />
        <Font Color="$005F5454" />
      </State>
      <State Left="546" Top="1296" Width="182" Height="29">
        <Margins Left="64" Right="63" />
        <Font Color="$000B8D35" Style="bold" />
      </State>
      <State Left="182" Top="1296" Width="181" Height="29">
        <Margins Left="64" Right="63" />
        <Font Color="$00B9B0B0" />
      </State>
    </Part>
  </Item>
  <Item Name="btnConvert">
    <Part id="0" Name="Frame" FillMode="stretch" TransparentMode="Alpha">
      <Graphic Name="WordButtons.png" />
      <State Left="1" Top="1" Width="159" Height="43" />
      <State Left="161" Top="1" Width="159" Height="43" />
      <State Left="321" Top="1" Width="159" Height="43" />
      <State Left="481" Top="1" Width="159" Height="43" />
    </Part>
  </Item>
  <Item Name="btnCreate">
    <Part id="0" Name="Frame" FillMode="stretch" TransparentMode="Alpha">
      <Graphic Name="WordButtons.png" />
      <State Left="1" Top="55" Width="159" Height="43" />
      <State Left="161" Top="55" Width="159" Height="43" />
      <State Left="321" Top="55" Width="159" Height="43" />
      <State Left="481" Top="55" Width="159" Height="43" />
    </Part>
  </Item>
  <Item Name="btnCancel">
    <Part id="0" Name="Frame" FillMode="stretch" TransparentMode="Alpha">
      <Graphic Name="WordButtons.png" />
      <State Left="1" Top="116" Width="159" Height="43" />
      <State Left="161" Top="116" Width="159" Height="43" />
      <State Left="321" Top="116" Width="159" Height="43" />
      <State Left="481" Top="116" Width="159" Height="43" />
    </Part>
  </Item>
  <Item Name="btnUpgradeGlyph">
    <Part id="0" Name="Frame" FillMode="stretch" TransparentMode="Alpha" KeepingSize="">
      <Graphic Name="..\Common\MainForm.png" />
      <State Left="928" Top="181" Width="26" Height="26" />
    </Part>
  </Item>
</Skin>