﻿<?xml version="1.0" encoding="utf-8"?>
<Skin>
  <Item Name="OptionForm">
    <Part id="0" Name="Form" TransparentMode="Mask">
      <Graphic Name="..\Common\SkinForm.png" />
      <Shape type="Auto" />
      <Margins Scale="False" Left="9" Top="33" Right="9" Bottom="5" />
      <State Left="0" Top="0" Width="616" Height="424">
        <Margins Left="18" Top="44" Right="20" Bottom="63" />
      </State>
    </Part>
    <Part id="1" Name="Caption">
      <Position RelPos="5" Scale="False" X="34" Y="10" X2="30" Height="16" />
      <State Left="0" Top="0" Width="0" Height="0">
        <Font Size="9" Color="$0092650D" Style="bold" />
      </State>
      <State Left="0" Top="0" Width="0" Height="0">
        <Font Size="9" Color="$0092650D" Style="bold" />
      </State>
    </Part>
    <Part id="2" Name="Icon">
      <Position RelPos="0" Scale="False" X="8" Y="10" Width="16" Height="16" />
    </Part>
    <Part id="3" Name="RestoreButton" TransparentMode="Alpha">
      <Position RelPos="1" Scale="False" X="52" Y="7" Width="34" Height="18" />
      <State Left="0" Top="0" Width="0" Height="0" />
      <State Left="0" Top="0" Width="0" Height="0" />
      <State Left="0" Top="0" Width="0" Height="0" />
      <State Left="0" Top="0" Width="0" Height="0" />
    </Part>
    <Part id="4" Name="MinButton">
      <Position RelPos="1" Scale="False" X="86" Y="7" Width="34" Height="18" />
      <State Left="0" Top="0" Width="0" Height="0" />
      <State Left="0" Top="0" Width="0" Height="0" />
      <State Left="0" Top="0" Width="0" Height="0" />
      <State Left="0" Top="0" Width="0" Height="0" />
    </Part>
    <Part id="5" Name="MaxButton" Visible="False">
      <Position RelPos="1" Scale="False" X="52" Y="7" Width="34" Height="18" />
      <State Left="0" Top="0" Width="0" Height="0" />
      <State Left="0" Top="0" Width="0" Height="0" />
      <State Left="0" Top="0" Width="0" Height="0" />
      <State Left="0" Top="0" Width="0" Height="0" />
    </Part>
    <Part id="6" Name="CloseButton" TransparentMode="Alpha">
      <Graphic Name="..\Common\SkinForm.png" />
      <Position RelPos="1" Scale="False" Y="1" Width="34" Height="22" />
      <State Left="672" Top="143" Width="34" Height="22" />
      <State Left="706" Top="143" Width="34" Height="22" />
      <State Left="740" Top="143" Width="34" Height="22" />
      <State Left="774" Top="143" Width="34" Height="22" />
    </Part>
  </Item>
  <Item Name="ImgLeftBk">
    <Part id="0" Name="Frame" FillMode="stretch" TransparentMode="Alpha">
      <Graphic Name="..\Common\SkinForm.png" />
      <State Left="11" Top="504" Width="104" Height="118">
        <Margins Left="2" Top="29" Right="2" />
      </State>
    </Part>
  </Item>
  <Item Name="btnLeftOption">
    <Part id="0" Name="Frame" FillMode="stretch" TransparentMode="Alpha">
      <Graphic Name="..\Common\SkinForm.png" />
      <Font Style="bold" />
      <State Left="671" Top="263" Width="167" Height="57">
        <Margins Left="4" Top="5" Right="4" Bottom="4" />
        <Font Style="bold" />
      </State>
      <State Left="840" Top="263" Width="167" Height="57">
        <Margins Left="22" Top="10" Right="13" Bottom="11" />
        <Font Style="bold" />
      </State>
      <State Left="840" Top="263" Width="167" Height="57">
        <Margins Left="36" Top="24" Right="23" Bottom="26" />
        <Font Style="bold" />
      </State>
      <State Left="671" Top="263" Width="167" Height="57">
        <Margins Left="2" Top="2" Right="2" Bottom="2" />
        <Font Style="bold" />
      </State>
    </Part>
  </Item>
  <Item Name="btnDownLoadAndInstall">
    <Part id="0" Name="Frame" FillMode="stretch" TransparentMode="Alpha">
      <Graphic Name="..\Common\SkinForm.png" />
      <State Left="0" Top="751" Width="171" Height="29" />
      <State Left="171" Top="751" Width="171" Height="29" />
      <State Left="342" Top="751" Width="171" Height="29" />
      <State Left="0" Top="0" Width="0" Height="0" />
    </Part>
  </Item>
  <Item Name="pnlLeftBk">
    <Part id="0" Name="Frame" TransparentMode="Alpha">
      <Graphic Name="..\Common\SkinForm.png" />
      <State Left="183" Top="436" Width="430" Height="340">
        <Margins Left="12" Top="16" Right="10" Bottom="8" />
      </State>
    </Part>
  </Item>
  <Item Name="btnOCRGlyph">
    <Part id="0" Name="Frame" FillMode="stretch" TransparentMode="Alpha">
      <Graphic Name="..\Common\ocr1.png" />
      <State Left="0" Top="0" Width="34" Height="34">
        <Font Color="$00454545" Style="bold" />
      </State>
    </Part>
  </Item>
  <Item Name="btnExcelGlyph">
    <Part id="0" Name="Frame" FillMode="stretch" TransparentMode="Alpha">
      <Graphic Name="..\Common\Excel1.png" />
      <State Left="0" Top="0" Width="34" Height="34">
        <Font Color="$00454545" Style="bold" />
      </State>
    </Part>
  </Item>
  <Item Name="btnEpubGlyph">
    <Part id="0" Name="Frame" FillMode="stretch" TransparentMode="Alpha">
      <Graphic Name="..\Common\epub1.png" />
      <State Left="0" Top="0" Width="34" Height="34">
        <Font Color="$00454545" Style="bold" />
      </State>
    </Part>
  </Item>
  <Item Name="btnImageGlyph">
    <Part id="0" Name="Frame" FillMode="stretch" TransparentMode="Alpha">
      <Graphic Name="..\Common\image1.png" />
      <State Left="0" Top="0" Width="34" Height="34">
        <Font Color="$00454545" Style="bold" />
      </State>
    </Part>
  </Item>
  <Item Name="btnHtmlGlyph">
    <Part id="0" Name="Frame" FillMode="stretch" TransparentMode="Alpha">
      <Graphic Name="..\Common\html1.png" />
      <State Left="0" Top="0" Width="34" Height="34">
        <Font Color="$00454545" Style="bold" />
      </State>
    </Part>
  </Item>
  <Item Name="ImgGreyTite">
    <Part id="0" Name="Frame" FillMode="stretch" TransparentMode="Alpha">
      <Graphic Name="..\Common\SkinForm.png" />
      <State Left="666" Top="400" Width="27" Height="24">
        <Margins Left="5" Top="3" Right="4" Bottom="4" />
      </State>
    </Part>
  </Item>
</Skin>