﻿<?xml version="1.0" encoding="utf-8"?>
<Skin>
  <Item Name="RegForm">
    <Part id="0" Name="Form" TransparentMode="Mask">
      <Graphic Name="..\Common\SkinForm.png" />
      <Shape type="Auto" />
      <Margins Scale="False" Left="9" Top="33" Right="9" Bottom="5" />
      <State Left="0" Top="0" Width="616" Height="424">
        <Margins Left="26" Top="50" Right="25" Bottom="72" />
      </State>
    </Part>
    <Part id="1" Name="Caption">
      <Position RelPos="5" Scale="False" X="34" Y="10" X2="26" Height="16" />
      <State Left="0" Top="0" Width="0" Height="0">
        <Font Size="9" Color="$0092650D" Style="bold" />
      </State>
      <State Left="0" Top="0" Width="0" Height="0">
        <Font Size="9" Color="$0092650D" Style="bold" />
      </State>
    </Part>
    <Part id="2" Name="Icon">
      <Position RelPos="0" Scale="False" X="8" Y="10" Width="16" Height="16" />
    </Part>
    <Part id="3" Name="RestoreButton" TransparentMode="Alpha">
      <Position RelPos="1" Scale="False" X="52" Y="7" Width="34" Height="18" />
      <State Left="0" Top="0" Width="0" Height="0" />
      <State Left="0" Top="0" Width="0" Height="0" />
      <State Left="0" Top="0" Width="0" Height="0" />
      <State Left="0" Top="0" Width="0" Height="0" />
    </Part>
    <Part id="4" Name="MinButton">
      <Position RelPos="1" Scale="False" X="86" Y="7" Width="34" Height="18" />
      <State Left="0" Top="0" Width="0" Height="0" />
      <State Left="0" Top="0" Width="0" Height="0" />
      <State Left="0" Top="0" Width="0" Height="0" />
      <State Left="0" Top="0" Width="0" Height="0" />
    </Part>
    <Part id="5" Name="MaxButton" Visible="False">
      <Position RelPos="1" Scale="False" X="52" Y="7" Width="34" Height="18" />
      <State Left="0" Top="0" Width="0" Height="0" />
      <State Left="0" Top="0" Width="0" Height="0" />
      <State Left="0" Top="0" Width="0" Height="0" />
      <State Left="0" Top="0" Width="0" Height="0" />
    </Part>
    <Part id="6" Name="CloseButton" TransparentMode="Alpha">
      <Graphic Name="..\Common\SkinForm.png" />
      <Position RelPos="1" Scale="False" Y="1" Width="34" Height="22" />
      <State Left="672" Top="143" Width="34" Height="22" />
      <State Left="706" Top="143" Width="34" Height="22" />
      <State Left="740" Top="143" Width="34" Height="22" />
      <State Left="774" Top="143" Width="34" Height="22" />
    </Part>
  </Item>
  <Item Name="ImgNumber0">
    <Part id="0" Name="Frame" FillMode="stretch" TransparentMode="Alpha">
      <Graphic Name="..\Common\SkinForm.png" />
      <State Left="4" Top="1026" Width="98" Height="120">
        <Margins Left="5" Top="6" Right="7" Bottom="11" />
      </State>
    </Part>
  </Item>
  <Item Name="ImgNumber1">
    <Part id="0" Name="Frame" FillMode="stretch" TransparentMode="Alpha">
      <Graphic Name="..\Common\SkinForm.png" />
      <State Left="103" Top="1026" Width="98" Height="120">
        <Margins Left="5" Top="6" Right="7" Bottom="11" />
      </State>
    </Part>
  </Item>
  <Item Name="ImgNumber2">
    <Part id="0" Name="Frame" FillMode="stretch" TransparentMode="Alpha">
      <Graphic Name="..\Common\SkinForm.png" />
      <State Left="202" Top="1026" Width="98" Height="120">
        <Margins Left="5" Top="6" Right="7" Bottom="11" />
      </State>
    </Part>
  </Item>
  <Item Name="ImgNumber3">
    <Part id="0" Name="Frame" FillMode="stretch" TransparentMode="Alpha">
      <Graphic Name="..\Common\SkinForm.png" />
      <State Left="301" Top="1026" Width="98" Height="120">
        <Margins Left="5" Top="6" Right="7" Bottom="11" />
      </State>
    </Part>
  </Item>
  <Item Name="ImgNumber4">
    <Part id="0" Name="Frame" FillMode="stretch" TransparentMode="Alpha">
      <Graphic Name="..\Common\SkinForm.png" />
      <State Left="400" Top="1026" Width="98" Height="120">
        <Margins Left="5" Top="6" Right="7" Bottom="11" />
      </State>
    </Part>
  </Item>
  <Item Name="ImgNumber5">
    <Part id="0" Name="Frame" FillMode="stretch" TransparentMode="Alpha">
      <Graphic Name="..\Common\SkinForm.png" />
      <State Left="499" Top="1026" Width="98" Height="120">
        <Margins Left="5" Top="6" Right="7" Bottom="11" />
      </State>
    </Part>
  </Item>
  <Item Name="ImgNumber6">
    <Part id="0" Name="Frame" FillMode="stretch" TransparentMode="Alpha">
      <Graphic Name="..\Common\SkinForm.png" />
      <State Left="598" Top="1026" Width="98" Height="120">
        <Margins Left="5" Top="6" Right="7" Bottom="11" />
      </State>
    </Part>
  </Item>
  <Item Name="ImgNumber7">
    <Part id="0" Name="Frame" FillMode="stretch" TransparentMode="Alpha">
      <Graphic Name="..\Common\SkinForm.png" />
      <State Left="697" Top="1026" Width="98" Height="120">
        <Margins Left="5" Top="6" Right="7" Bottom="11" />
      </State>
    </Part>
  </Item>
  <Item Name="ImgNumber8">
    <Part id="0" Name="Frame" FillMode="stretch" TransparentMode="Alpha">
      <Graphic Name="..\Common\SkinForm.png" />
      <State Left="796" Top="1026" Width="98" Height="120">
        <Margins Left="5" Top="6" Right="7" Bottom="11" />
      </State>
    </Part>
  </Item>
  <Item Name="ImgNumber9">
    <Part id="0" Name="Frame" FillMode="stretch" TransparentMode="Alpha">
      <Graphic Name="..\Common\SkinForm.png" />
      <State Left="895" Top="1026" Width="98" Height="120">
        <Margins Left="5" Top="6" Right="7" Bottom="11" />
      </State>
    </Part>
  </Item>
  <Item Name="ImgCheckMark">
    <Part id="0" Name="Frame" FillMode="stretch" TransparentMode="Alpha">
      <Graphic Name="..\Common\SkinForm.png" />
      <State Left="803" Top="406" Width="20" Height="20" />
    </Part>
  </Item>
  <Item Name="ImgLiveChat">
    <Part id="0" Name="Frame" FillMode="stretch" TransparentMode="Alpha">
      <Graphic Name="..\Common\SkinForm.png" />
      <State Left="782" Top="406" Width="20" Height="20" />
    </Part>
  </Item>
  <Item Name="ImgEditorAd">
    <Part id="0" Name="Frame" FillMode="stretch" TransparentMode="Alpha">
      <Graphic Name="..\Common\PDF Editor-Box.png" />
      <State Left="0" Top="0" Width="150" Height="172" />
    </Part>
  </Item>
  <Item Name="ImgRegBk">
    <Part id="0" Name="Frame" FillMode="stretch" TransparentMode="Alpha">
      <Graphic Name="..\Common\SkinForm.png" />
      <State Left="766" Top="406" Width="9" Height="21">
        <Margins Top="7" Bottom="7" />
      </State>
    </Part>
  </Item>
  <Item Name="ImgNoteBk">
    <Part id="0" Name="Frame" FillMode="stretch" TransparentMode="Alpha">
      <Graphic Name="..\Common\SkinForm.png" />
      <State Left="766" Top="406" Width="9" Height="21">
        <Margins Top="7" Bottom="6" />
      </State>
    </Part>
  </Item>
  <Item Name="ImgStar">
    <Part id="0" Name="Frame" FillMode="stretch" TransparentMode="Alpha">
      <Graphic Name="..\Common\SkinForm.png" />
      <State Left="27" Top="892" Width="196" Height="58" />
    </Part>
  </Item>
  <Item Name="ImgHint">
    <Part id="0" Name="Frame" FillMode="stretch" TransparentMode="Alpha">
      <Graphic Name="..\Common\MainForm.png" />
      <State Left="302" Top="243" Width="350" Height="104">
        <Margins Left="12" Top="14" Right="13" Bottom="30" />
      </State>
    </Part>
  </Item>
  <Item Name="btnBuyNow">
    <Part id="0" Name="Frame" FillMode="stretch" TransparentMode="Alpha">
      <Graphic Name="WordButtons.png" />
      <State Left="1" Top="216" Width="222" Height="37" />
      <State Left="225" Top="216" Width="222" Height="37" />
      <State Left="449" Top="216" Width="222" Height="37" />
    </Part>
  </Item>
  <Item Name="btnDownLoad">
    <Part id="0" Name="Frame" FillMode="stretch" TransparentMode="Alpha">
      <Graphic Name="WordButtons.png" />
      <State Left="1" Top="254" Width="222" Height="37" />
      <State Left="225" Top="254" Width="222" Height="37" />
      <State Left="449" Top="254" Width="222" Height="37" />
    </Part>
  </Item>
</Skin>